{"class": "Pose", "topic_name": "/groundtruth", "timestamp": "1739787180.188912", "message": {"position": {"x": 0.3000679155622142, "y": 0.29999999917947423, "z": 0.07383589179052114}, "orientation": {"x": -0.0, "y": 0.0, "z": 8.04874511824291e-10, "w": -1.0}}}
{"class": "Vector3Stamped", "topic_name": "/true_wheel_speeds", "timestamp": "1739787180.230245", "message": {"header": {"seq": 0, "stamp": 11.067044973373413, "frame_id": ""}, "vector": {"x": 0.0, "y": 0.0, "z": 0.0}}}
{"class": "LaserScan", "topic_name": "/lidar", "timestamp": "1739787180.5624", "message": {"header": {"seq": 10, "stamp": 1739787180.5624, "frame_id": "lidar"}, "angle_min": -1.0472, "angle_max": 1.0472, "angle_increment": 0.01745333333333333, "time_increment": 0.0006666666666666666, "scan_time": 0.08, "range_min": 0.05, "range_max": 1.0, "ranges": [0.34817713499069214, 0.3518477976322174, 0.3557061553001404, 0.35976094007492065, 0.36402133107185364, 0.36849749088287354, 0.3732001483440399, 0.3781411051750183, 0.3833329677581787, 0.38878941535949707, 0.3945253789424896, 0.4005570411682129, 0.4069018065929413, 0.4135788083076477, 0.4206088185310364, 0.4318760931491852, 0.4403858184814453, 0.4499402940273285, 0.46064144372940063, 0.4629642963409424, 0.4756474494934082, 0.4898148477077484, 0.49416208267211914, 0.5109291672706604, 0.5167956352233887, 0.536698579788208, 0.5443753600120544, 0.5681418776512146, 0.5780357122421265, 0.5888288021087646, 0.6193575859069824, 0.6331812739372253, 0.6482431888580322, 0.6883968114852905, 0.7078415751457214, 0.7291078567504883, 0.752402126789093, 0.7779669165611267, 0.8427271842956543, 0.8769646883010864, 0.9149786233901978, 0.9573643803596497, 0.0, 0.0, 0.0, 0.0, 0.0, 0.0, 0.0, 0.0, 0.0, 0.0, 0.0, 0.0, 0.0, 0.0, 0.0, 0.0, 0.0, 0.0, 0.0, 0.0, 0.0, 0.0, 0.0, 0.0, 0.0, 0.0, 0.0, 0.0, 0.0, 0.0, 0.0, 0.0, 0.0, 0.0, 0.0, 0.0, 0.0, 0.0, 0.0, 0.0, 0.0, 0.0, 0.0, 0.0, 0.0, 0.0, 0.0, 0.0, 0.0, 0.0, 0.0, 0.0, 0.0, 0.0, 0.0, 0.0, 0.9239857792854309, 0.876075029373169, 0.8517627716064453, 0.8501429557800293, 0.8353292942047119, 0.8278817534446716, 0.8222216963768005, 0.8170820474624634, 0.8178392648696899, 0.8193343281745911, 0.8232184052467346, 0.8211758136749268, 0.8304452300071716, 0.8429238200187683, 0.8471775650978088, 0.8688513040542603, 0.8836688995361328, 0.0, 0.0, 0.0, 0.0, 0.0], "intensities": [100, 100, 100, 100, 100, 100, 100, 100, 100, 100, 100, 100, 100, 100, 100, 100, 100, 100, 100, 100, 100, 100, 100, 100, 100, 100, 100, 100, 100, 100, 100, 100, 100, 100, 100, 100, 100, 100, 100, 100, 100, 100, 0, 0, 0, 0, 0, 0, 0, 0, 0, 0, 0, 0, 0, 0, 0, 0, 0, 0, 0, 0, 0, 0, 0, 0, 0, 0, 0, 0, 0, 0, 0, 0, 0, 0, 0, 0, 0, 0, 0, 0, 0, 0, 0, 0, 0, 0, 0, 0, 0, 0, 0, 0, 0, 0, 0, 0, 100, 100, 100, 100, 100, 100, 100, 100, 100, 100, 100, 100, 100, 100, 100, 100, 100, 0, 0, 0, 0, 0], "angles": [-1.0472, -1.0297466666666666, -1.0122933333333333, -0.99484, -0.9773866666666666, -0.9599333333333333, -0.94248, -0.9250266666666666, -0.9075733333333332, -0.8901199999999999, -0.8726666666666666, -0.8552133333333333, -0.83776, -0.8203066666666666, -0.8028533333333333, -0.7853999999999999, -0.7679466666666666, -0.7504933333333332, -0.7330399999999999, -0.7155866666666666, -0.6981333333333333, -0.68068, -0.6632266666666666, -0.6457733333333333, -0.62832, -0.6108666666666667, -0.5934133333333333, -0.57596, -0.5585066666666667, -0.5410533333333333, -0.5236, -0.5061466666666666, -0.4886933333333333, -0.47124, -0.45378666666666667, -0.43633333333333335, -0.41888000000000003, -0.4014266666666667, -0.3839733333333333, -0.36651999999999996, -0.34906666666666664, -0.3316133333333333, -0.31416, -0.2967066666666667, -0.27925333333333335, -0.26180000000000003, -0.2443466666666667, -0.2268933333333334, -0.20944000000000007, -0.19198666666666664, -0.17453333333333332, -0.15708, -0.13962666666666668, -0.12217333333333336, -0.10472000000000004, -0.08726666666666671, -0.0698133333333334, -0.05236000000000007, -0.03490666666666664, -0.01745333333333332, 0.0, 0.01745333333333332, 0.03490666666666664, 0.05235999999999996, 0.06981333333333328, 0.0872666666666666, 0.10471999999999992, 0.12217333333333324, 0.13962666666666657, 0.1570799999999999, 0.1745333333333332, 0.19198666666666653, 0.20943999999999985, 0.22689333333333317, 0.2443466666666665, 0.26180000000000003, 0.27925333333333335, 0.2967066666666667, 0.31416, 0.3316133333333333, 0.34906666666666664, 0.36651999999999996, 0.3839733333333333, 0.4014266666666666, 0.4188799999999999, 0.43633333333333324, 0.45378666666666656, 0.4712399999999999, 0.4886933333333332, 0.5061466666666665, 0.5235999999999998, 0.5410533333333332, 0.5585066666666665, 0.5759599999999998, 0.5934133333333331, 0.6108666666666664, 0.6283199999999998, 0.6457733333333333, 0.6632266666666666, 0.68068, 0.6981333333333333, 0.7155866666666666, 0.7330399999999999, 0.7504933333333332, 0.7679466666666666, 0.7853999999999999, 0.8028533333333332, 0.8203066666666665, 0.8377599999999998, 0.8552133333333332, 0.8726666666666665, 0.8901199999999998, 0.9075733333333331, 0.9250266666666664, 0.9424799999999998, 0.9599333333333331, 0.9773866666666666, 0.9948399999999997, 1.0122933333333333, 1.0297466666666664]}}
